{"metrics":{"http_req_duration":{"contains":"time","values":{"med":333.2369,"max":706.4216,"p(90)":413.0935,"p(95)":482.86296999999996,"avg":325.7536800000001,"min":183.6224},"type":"trend"},"LargeEssApiResponsetime":{"type":"trend","contains":"default","values":{"max":704.9804,"p(90)":583.2075600000002,"p(95)":690.92458,"avg":446.109045,"min":351.959,"med":399.77075}},"http_req_receiving":{"type":"trend","contains":"time","values":{"avg":0.3205654545454545,"min":0,"med":0,"max":1.1205,"p(90)":0.988,"p(95)":1.02065}},"data_sent":{"values":{"count":772330,"rate":25162.95450885916},"type":"counter","contains":"data"},"vus":{"type":"gauge","contains":"default","values":{"value":5,"min":5,"max":5}},"group_duration":{"contains":"time","values":{"avg":1039.3141117834398,"min":183.6447,"med":1258.2801,"max":2769.9938,"p(90)":1430.3398599999998,"p(95)":1564.6996249999993},"type":"trend"},"data_received":{"type":"counter","contains":"data","values":{"count":67207,"rate":2189.642618669348}},"vus_max":{"type":"gauge","contains":"default","values":{"value":49,"min":49,"max":49}},"SmallEssApiResponsetimefor25MB":{"contains":"default","values":{"p(95)":384.99426,"avg":267.02718695652175,"min":183.011,"med":246.5506,"max":475.9797,"p(90)":369.52922},"type":"trend"},"http_req_sending":{"type":"trend","contains":"time","values":{"avg":0.3243754545454545,"min":0,"med":0,"max":1.7391,"p(90)":0.99788,"p(95)":1.0287899999999999}},"http_req_duration{expected_response:true}":{"type":"trend","contains":"time","values":{"p(95)":335.7316,"avg":335.7316,"min":335.7316,"med":335.7316,"max":335.7316,"p(90)":335.7316}},"MediumEssApiResponsetimeor300MB":{"type":"trend","contains":"default","values":{"med":343.8227,"max":488.1826,"p(90)":403.4426,"p(95)":411.8591,"avg":355.1394142857142,"min":323.887}},"http_req_waiting":{"type":"trend","contains":"time","values":{"med":332.508,"max":704.9804,"p(90)":412.19098,"p(95)":482.69129499999997,"avg":325.10873909090884,"min":183.011}},"http_req_connecting":{"type":"trend","contains":"time","values":{"avg":12.870159090909091,"min":0,"med":0,"max":314.7796,"p(90)":0,"p(95)":61.88863999999968}},"MediumEssApiResponsetimefor150MB":{"type":"trend","contains":"default","values":{"med":342.3975,"max":404.683,"p(90)":374.6087,"p(95)":401.7973,"avg":348.43122380952383,"min":323.2988}},"http_req_blocked":{"type":"trend","contains":"time","values":{"avg":52.50047000000001,"min":0,"med":0,"max":1508.7463,"p(90)":0.08281000000000054,"p(95)":210.18847999999892}},"SmallEssApiResponsetimefor50MB":{"type":"trend","contains":"default","values":{"avg":231.82489130434783,"min":185.3245,"med":213.2383,"max":385.1345,"p(90)":294.35406,"p(95)":326.29418999999996}},"checks":{"values":{"rate":0,"passes":0,"fails":108},"type":"rate","contains":"default"},"iterations":{"contains":"default","values":{"count":103,"rate":3.3557990941857665},"type":"counter"},"iteration_duration":{"type":"trend","contains":"time","values":{"avg":1382.5049711538463,"min":975.091,"med":1338.8387,"max":2769.9938,"p(90)":1479.48048,"p(95)":1679.7614499999993}},"http_req_tls_handshaking":{"type":"trend","contains":"time","values":{"avg":34.297033636363636,"min":0,"med":0,"max":1215.2391,"p(90)":0,"p(95)":126.27950499999935}},"http_req_failed":{"type":"rate","contains":"default","values":{"rate":0.990909090909091,"passes":109,"fails":1}},"http_reqs":{"values":{"count":110,"rate":3.583863110295479},"type":"counter","contains":"default"}},"root_group":{"name":"","path":"","id":"d41d8cd98f00b204e9800998ecf8427e","groups":[{"id":"5c0f8025f7e0b6654089e5b00e950f1a","groups":[],"checks":[],"name":"setup","path":"::setup"},{"groups":[{"path":"::Small_50MB_EssCreation::ESS Creation","id":"9fe12194cfea5c8d35fde3c42e74ba3b","groups":[{"name":"ESS Api Response","path":"::Small_50MB_EssCreation::ESS Creation::ESS Api Response","id":"78ae968dbd2a5938546632d4a12e40c0","groups":[],"checks":[]}],"checks":[{"name":"is ESS status 200","path":"::Small_50MB_EssCreation::ESS Creation::is ESS status 200","id":"297b9977f803f4b3ba3c132394a7ed51","passes":0,"fails":23}],"name":"ESS Creation"}],"checks":[],"name":"Small_50MB_EssCreation","path":"::Small_50MB_EssCreation","id":"c8f7cad07af9d62e83f4f92c28f4541b"},{"name":"Medium_300MB_EssCreation","path":"::Medium_300MB_EssCreation","id":"e4461a82f93fd47ee7abe79c9542c345","groups":[{"id":"7603580933ba0508c695301793a21825","groups":[{"name":"ESS Api Response","path":"::Medium_300MB_EssCreation::ESS Creation::ESS Api Response","id":"2d03dc3a764bc590533c1a1a19c0190c","groups":[],"checks":[]}],"checks":[{"name":"is ESS status 200","path":"::Medium_300MB_EssCreation::ESS Creation::is ESS status 200","id":"77051f09750ca6b2819ab73d92eaa25c","passes":0,"fails":21}],"name":"ESS Creation","path":"::Medium_300MB_EssCreation::ESS Creation"}],"checks":[]},{"path":"::LargeEssCreation","id":"285949047c57a90b106389eb058a8337","groups":[{"path":"::LargeEssCreation::ESS Creation","id":"7f011216773a05682c04494d47d97270","groups":[{"checks":[],"name":"ESS Api Response","path":"::LargeEssCreation::ESS Creation::ESS Api Response","id":"bee4ad34403c808effb56b262d1d278b","groups":[]}],"checks":[{"name":"is ESS status 200","path":"::LargeEssCreation::ESS Creation::is ESS status 200","id":"072318b2711edc7ece3211718c54ad7e","passes":0,"fails":20}],"name":"ESS Creation"}],"checks":[],"name":"LargeEssCreation"},{"id":"4fec8bf2981959ba58d05d839757a18f","groups":[{"path":"::Medium_150MB_EssCreation::ESS Creation","id":"de8406c34f4824bb58e950b4e62d94bc","groups":[{"name":"ESS Api Response","path":"::Medium_150MB_EssCreation::ESS Creation::ESS Api Response","id":"4b05e455a41159675a9482139e3d22fe","groups":[],"checks":[]}],"checks":[{"id":"254b1746327805455cf486835276fd70","passes":0,"fails":21,"name":"is ESS status 200","path":"::Medium_150MB_EssCreation::ESS Creation::is ESS status 200"}],"name":"ESS Creation"}],"checks":[],"name":"Medium_150MB_EssCreation","path":"::Medium_150MB_EssCreation"},{"groups":[{"name":"ESS Creation","path":"::Small_25MB_EssCreation::ESS Creation","id":"74ada5a84b55a7536b894f94e267c256","groups":[{"path":"::Small_25MB_EssCreation::ESS Creation::ESS Api Response","id":"be4355401d81108197ff18297cac26aa","groups":[],"checks":[],"name":"ESS Api Response"}],"checks":[{"name":"is ESS status 200","path":"::Small_25MB_EssCreation::ESS Creation::is ESS status 200","id":"99a65498a5e9cc4176fd3b81fdcf1114","passes":0,"fails":23}]}],"checks":[],"name":"Small_25MB_EssCreation","path":"::Small_25MB_EssCreation","id":"8e1dab458e238e73f334f76cc379f10a"}],"checks":[]},"options":{"summaryTrendStats":["avg","min","med","max","p(90)","p(95)"],"summaryTimeUnit":"","noColor":false},"state":{"isStdOutTTY":true,"isStdErrTTY":true,"testRunDurationMs":30693.1366}}